Type,Group,Common name,Local name,Scientific name,Folder,main,gallery-1,gallery-2
Plant,Trees,Arjun tree,Neermaruthu,Terminalia arjuna,images/plants/arjun-tree/,Y,Y,Y
Plant,Trees,Black catechu,Karinjali,Senegalia catechu,images/plants/black-catechu/,Y,Y,Y
Plant,Trees,Bullet wood,Elanji,Mimusops elengi,images/plants/bullet-wood/,Y,Y,Y
Plant,Trees,Burma ironwood,Irool,Xylia xylocarpa,images/plants/burma-ironwood/,Y,Y,Y
Plant,Trees,Cluster fig,Athi,Ficus racemosa,images/plants/cluster-fig/,Y,Y,Y
Plant,Trees,Dhaman,Chadachi,Grewia tiliifolia,images/plants/dhaman/,Y,Y,Y
Plant,Trees,Hill mango,Edinjil,Commiphora caudata,images/plants/hill-mango/,Y,Y,Y
Plant,Trees,Indian almond,Badam,Terminalia catappa,images/plants/indian-almond/,Y,Y,Y
Plant,Trees,Indian beech,Ongu,Pongamia pinnata,images/plants/indian-beech/,Y,Y,Y
Plant,Trees,Indian cherry,Pasakaya maram,Cordia dichotoma,images/plants/indian-cherry/,Y,Y,Y
Plant,Trees,Indian elm,Aaval,Holoptelea integrifolia,images/plants/indian-elm/,Y,Y,Y
Plant,Trees,Indian oak,Aattuvanji,Barringtonia acutangula,images/plants/indian-oak/,Y,Y,Y
Plant,Trees,Kaim,Kadambu,Mitragyna parvifolia,images/plants/kaim/,Y,Y,Y
Plant,Trees,Lindley's aporosa,Vetti,Aporosa cardiosperma,images/plants/lindleys-aporosa/,Y,Y,Y
Plant,Trees,Mahua,Eluppa,Madhuca longifolia var. latifolia,images/plants/mahua/,Y,Y,Y
Plant,Trees,Marotti,Marotti,Hydnocarpus pentandrus,images/plants/marotti/,Y,Y,Y
Plant,Trees,Morinda,Manjapavetta,Morinda pubescens,images/plants/morinda/,Y,Y,Y
Plant,Trees,Sandalwood,Chandanam,Santalum album,images/plants/sandalwood/,Y,Y,Y
Plant,Trees,Sandpaper tree,Paruva,Streblus asper,images/plants/sandpaper-tree/,Y,Y,Y
Plant,Trees,Spinous kino tree,Mulluvenga,Bridelia retusa,images/plants/spinous-kino-tree/,Y,Y,Y
Plant,Trees,Strychnine tree,Kanjiram,Strychnos nux-vomica,images/plants/strychnine-tree/,Y,Y,Y
Plant,Trees,Teak,Thekku,Tectona grandis,images/plants/teak/,Y,Y,Y
Plant,Trees,White dammar,Pantham,Vateria indica,images/plants/white-dammar/,Y,Y,Y
Plant,Trees,White fig,Kallal,Ficus virens,images/plants/white-fig/,Y,Y,Y
Plant,Fruit,Cashew,Kasumav,Anacardium occidentale,images/plants/cashew/,Y,Y,Y
Plant,Fruit,Guava,Perakka,Psidium guajava,images/plants/guava/,Y,Y,Y
Plant,Fruit,Hog plum,Ambazham,Spondias pinnata,images/plants/hog-plum/,Y,Y,Y
Plant,Fruit,Indian gooseberry,Nelli,Phyllanthus emblica,images/plants/indian-gooseberry/,Y,Y,Y
Plant,Fruit,Jackfruit,Pilavu,Artocarpus heterophyllus,images/plants/jackfruit/,Y,Y,Y
Plant,Fruit,Java plum,Njaval,Syzygium cumini,images/plants/java-plum/,Y,Y,Y
Plant,Fruit,Khirni,Mullupala,Manilkara hexandra,images/plants/khirni/,Y,Y,Y
Plant,Fruit,Lime,Cherunaregam,Citrus × aurantifolia,images/plants/lime/,Y,Y,Y
Plant,Fruit,Mango,Maavu,Mangifera indica,images/plants/mango/,Y,Y,Y
Plant,Fruit,Rambutan,Rambutan,Nephelium lappaceum,images/plants/rambutan/,Y,Y,Y
Plant,Fruit,Sapota,Sapotta,Manilkara zapota,images/plants/sapota/,Y,Y,Y
Plant,Fruit,Soursop,Mullatha,Annona muricata,images/plants/soursop/,Y,Y,Y
Plant,Fruit,Star fruit,Valiya irumbampuli,Averrhoa carambola,images/plants/star-fruit/,Y,Y,Y
Plant,Fruit,Star gooseberry,Arinelli,Phyllanthus acidus,images/plants/star-gooseberry/,Y,Y,Y
Plant,Fruit,Strawberry guava,Chinese guava,Psidium cattleyanum,images/plants/strawberry-guava/,Y,Y,Y
Plant,Fruit,Tamarind,Puli,Tamarindus indica,images/plants/tamarind/,Y,Y,Y
Plant,Fruit,Water apple,Chamba,Syzygium aqueum,images/plants/water-apple/,Y,Y,Y
Plant,Fruit,White mulberry,Mulberry,Morus alba,images/plants/white-mulberry/,Y,Y,Y
Plant,Fruit,Yellow mangosteen,Manja kudampuli,Garcinia xanthochymus,images/plants/yellow-mangosteen/,Y,Y,Y
Plant,Medicinal,Bael,Koovalam,Aegle marmelos,images/plants/bael/,Y,Y,Y
Plant,Medicinal,Birch-leaved acalypha,Bala munja,Acalypha fruticosa,images/plants/birch-leaved-acalypha/,Y,Y,Y
Plant,Medicinal,Indian ipecac,Asthma chedi,Vincetoxicum indicum,images/plants/indian-ipecac/,Y,Y,Y
Plant,Medicinal,Krishna tulsi,Chuvanna thulasi,Ocimum tenuiflorum,images/plants/krishna-tulsi/,Y,Y,Y
Plant,Medicinal,Kurchi,Kudakapala,Holarrhena pubescens,images/plants/kurchi/,Y,Y,Y
Plant,Medicinal,Leafy milk hedge,Mullukalli,Euphorbia nivulia,images/plants/leafy-milk-hedge/,Y,Y,Y
Plant,Medicinal,Lesser galangal,Chittaratha,Alpinia calcarata,images/plants/lesser-galangal/,Y,Y,Y
Plant,Medicinal,Moovila,Moovila,Pseudarthria viscida,images/plants/moovila/,Y,Y,Y
Plant,Medicinal,Neem,Aaryaveppu,Azadirachta indica,images/plants/neem/,Y,Y,Y
Plant,Medicinal,Sabah snake grass,Visha mooli,Clinacanthus nutans,images/plants/sabah-snake-grass/,Y,Y,Y
Plant,Medicinal,Wild croton,Nagadanthi,Baliospermum solanifolium,images/plants/wild-croton/,Y,Y,Y
Plant,Flowering,Flame of the forest,Pilasu,Butea monosperma,images/plants/flame-of-the-forest/,Y,Y,Y
Plant,Flowering,Garlic vine,Vellulli chedi,Mansoa alliacea,images/plants/garlic-vine/,Y,Y,Y
Plant,Flowering,Golden dewdrop,Duranta,Duranta erecta,images/plants/golden-dewdrop/,Y,Y,Y
Plant,Flowering,Golden shower,Kani konna,Cassia fistula,images/plants/golden-shower/,Y,Y,Y
Plant,Flowering,Hibiscus,Chembarathi,Hibiscus rosa-sinensis,images/plants/hibiscus/,Y,Y,Y
Plant,Flowering,Parrot's beak,Parrot beak,Heliconia psittacorum × spathocircinata,images/plants/parrots-beak/,Y,Y,Y
Plant,Palms,Areca palm,Butterfly palm,Dypsis lutescens,images/plants/areca-palm/,Y,Y,Y
Plant,Palms,Fishtail palm,Aanapana,Caryota urens,images/plants/fishtail-palm/,Y,Y,Y
Plant,Palms,Foxtail palm,Fox tail palm,Wodyetia bifurcata,images/plants/foxtail-palm/,Y,Y,Y
Plant,Palms,Ruffled fan palm,Ruffled fan palm,Licuala grandis,images/plants/ruffled-fan-palm/,Y,Y,Y
Plant,Spices,Cinnamon,Karuvapatta,Cinnamomum verum,images/plants/cinnamon/,Y,Y,Y
Plant,Spices,Makrut lime,Valiyanaregam,Citrus hystrix,images/plants/makrut-lime/,Y,Y,Y
Plant,Spices,Malabar tamarind,Kudampuli,Garcinia cambogioides,images/plants/malabar-tamarind/,Y,Y,Y
Plant,Ornamental,China doll tree,Poopathiri,Radermachera sinica,images/plants/china-doll-tree/,Y,Y,Y
Plant,Ornamental,Copperleaf,Copper plant,Acalypha wilkesiana,images/plants/copperleaf/,Y,Y,Y
Butterfly,Milkweed,Plain tiger,,Danaus chrysippus,images/butterflies/plain-tiger/,Y,Y,Y
Butterfly,Milkweed,Common tiger,,Danaus genutia,images/butterflies/common-tiger/,Y,Y,Y
Butterfly,Milkweed,Common crow,,Euploea core,images/butterflies/common-crow/,Y,Y,Y
Butterfly,Milkweed,Blue tiger,,Tirumala limniace,images/butterflies/blue-tiger/,Y,Y,Y
Butterfly,Nymphs,Commander,,Moduza procris,images/butterflies/commander/,Y,Y,Y
